classification,pnl_volatility
Extreme Fear,572.7793598696633
Extreme Greed,271.19887962394574
Fear,274.8244893647334
Greed,258.27837072456634
Neutral,218.6251382854928
