classification,daily_pnl
Extreme Fear,4619.4390530625005
Extreme Greed,5161.9226438650185
Fear,5328.818161336508
Greed,3318.100729862654
Neutral,3438.6188179521278
