classification,total_trades
Extreme Fear,1528.5714285714287
Extreme Greed,350.8070175438597
Fear,679.5274725274726
Greed,260.6373056994819
Neutral,562.4776119402985
