classification,win_rate
Extreme Fear,0.32965914590002776
Extreme Greed,0.3863873398662182
Fear,0.36403251387116353
Greed,0.3435587568848799
Neutral,0.3554140981087526
